CREATE DATABASE  IF NOT EXISTS `lab1` /*!40100 DEFAULT CHARACTER SET utf8mb4 COLLATE utf8mb4_0900_ai_ci */ /*!80016 DEFAULT ENCRYPTION='N' */;
USE `lab1`;
-- MySQL dump 10.13  Distrib 8.0.38, for Win64 (x86_64)
--
-- Host: 127.0.0.1    Database: lab1
-- ------------------------------------------------------
-- Server version	8.0.39

/*!40101 SET @OLD_CHARACTER_SET_CLIENT=@@CHARACTER_SET_CLIENT */;
/*!40101 SET @OLD_CHARACTER_SET_RESULTS=@@CHARACTER_SET_RESULTS */;
/*!40101 SET @OLD_COLLATION_CONNECTION=@@COLLATION_CONNECTION */;
/*!50503 SET NAMES utf8 */;
/*!40103 SET @OLD_TIME_ZONE=@@TIME_ZONE */;
/*!40103 SET TIME_ZONE='+00:00' */;
/*!40014 SET @OLD_UNIQUE_CHECKS=@@UNIQUE_CHECKS, UNIQUE_CHECKS=0 */;
/*!40014 SET @OLD_FOREIGN_KEY_CHECKS=@@FOREIGN_KEY_CHECKS, FOREIGN_KEY_CHECKS=0 */;
/*!40101 SET @OLD_SQL_MODE=@@SQL_MODE, SQL_MODE='NO_AUTO_VALUE_ON_ZERO' */;
/*!40111 SET @OLD_SQL_NOTES=@@SQL_NOTES, SQL_NOTES=0 */;

--
-- Table structure for table `course`
--

DROP TABLE IF EXISTS `course`;
/*!40101 SET @saved_cs_client     = @@character_set_client */;
/*!50503 SET character_set_client = utf8mb4 */;
CREATE TABLE `course` (
  `CourseID` int NOT NULL AUTO_INCREMENT,
  `CourseName` varchar(255) NOT NULL,
  PRIMARY KEY (`CourseID`)
) ENGINE=InnoDB AUTO_INCREMENT=6 DEFAULT CHARSET=utf8mb4 COLLATE=utf8mb4_0900_ai_ci;
/*!40101 SET character_set_client = @saved_cs_client */;

--
-- Dumping data for table `course`
--

LOCK TABLES `course` WRITE;
/*!40000 ALTER TABLE `course` DISABLE KEYS */;
INSERT INTO `course` VALUES (1,'Introduction to Programming'),(2,'Data Structures and Algorithms'),(3,'Database Systems'),(4,'Operating Systems'),(5,'Software Engineering');
/*!40000 ALTER TABLE `course` ENABLE KEYS */;
UNLOCK TABLES;

--
-- Table structure for table `lecturer`
--

DROP TABLE IF EXISTS `lecturer`;
/*!40101 SET @saved_cs_client     = @@character_set_client */;
/*!50503 SET character_set_client = utf8mb4 */;
CREATE TABLE `lecturer` (
  `LecturerID` int NOT NULL AUTO_INCREMENT,
  `LecturerName` varchar(255) NOT NULL,
  `DepartmentID` int NOT NULL,
  PRIMARY KEY (`LecturerID`)
) ENGINE=InnoDB AUTO_INCREMENT=6 DEFAULT CHARSET=utf8mb4 COLLATE=utf8mb4_0900_ai_ci;
/*!40101 SET character_set_client = @saved_cs_client */;

--
-- Dumping data for table `lecturer`
--

LOCK TABLES `lecturer` WRITE;
/*!40000 ALTER TABLE `lecturer` DISABLE KEYS */;
INSERT INTO `lecturer` VALUES (1,'Dr. Emma Williams',1),(2,'Prof. John Taylor',2),(3,'Dr. Sophia Martinez',1),(4,'Mr. James Anderson',3),(5,'Ms. Olivia Thompson',2);
/*!40000 ALTER TABLE `lecturer` ENABLE KEYS */;
UNLOCK TABLES;

--
-- Table structure for table `register`
--

DROP TABLE IF EXISTS `register`;
/*!40101 SET @saved_cs_client     = @@character_set_client */;
/*!50503 SET character_set_client = utf8mb4 */;
CREATE TABLE `register` (
  `StudentID` int NOT NULL,
  `CourseID` int NOT NULL,
  PRIMARY KEY (`StudentID`,`CourseID`),
  KEY `CourseID` (`CourseID`),
  CONSTRAINT `register_ibfk_1` FOREIGN KEY (`StudentID`) REFERENCES `student` (`StudentID`),
  CONSTRAINT `register_ibfk_2` FOREIGN KEY (`CourseID`) REFERENCES `course` (`CourseID`)
) ENGINE=InnoDB DEFAULT CHARSET=utf8mb4 COLLATE=utf8mb4_0900_ai_ci;
/*!40101 SET character_set_client = @saved_cs_client */;

--
-- Dumping data for table `register`
--

LOCK TABLES `register` WRITE;
/*!40000 ALTER TABLE `register` DISABLE KEYS */;
INSERT INTO `register` VALUES (1,1),(3,1),(2,2),(1,3),(4,5);
/*!40000 ALTER TABLE `register` ENABLE KEYS */;
UNLOCK TABLES;

--
-- Table structure for table `student`
--

DROP TABLE IF EXISTS `student`;
/*!40101 SET @saved_cs_client     = @@character_set_client */;
/*!50503 SET character_set_client = utf8mb4 */;
CREATE TABLE `student` (
  `StudentID` int NOT NULL AUTO_INCREMENT,
  `StudentName` varchar(255) NOT NULL,
  `DoB` date NOT NULL,
  `Major` varchar(255) NOT NULL,
  PRIMARY KEY (`StudentID`)
) ENGINE=InnoDB AUTO_INCREMENT=6 DEFAULT CHARSET=utf8mb4 COLLATE=utf8mb4_0900_ai_ci;
/*!40101 SET character_set_client = @saved_cs_client */;

--
-- Dumping data for table `student`
--

LOCK TABLES `student` WRITE;
/*!40000 ALTER TABLE `student` DISABLE KEYS */;
INSERT INTO `student` VALUES (1,'Alice Smith','2000-01-15','Computer Science'),(2,'Bob Johnson','1999-03-22','Electrical Engineering'),(3,'Cathy Brown','2001-06-10','Mathematics'),(4,'David Wilson','1998-08-30','Physics'),(5,'Eva Davis','2000-12-05','Chemistry');
/*!40000 ALTER TABLE `student` ENABLE KEYS */;
UNLOCK TABLES;

--
-- Table structure for table `teach`
--

DROP TABLE IF EXISTS `teach`;
/*!40101 SET @saved_cs_client     = @@character_set_client */;
/*!50503 SET character_set_client = utf8mb4 */;
CREATE TABLE `teach` (
  `ID` int NOT NULL AUTO_INCREMENT,
  `LecturerID` int NOT NULL,
  `CourseID` int NOT NULL,
  PRIMARY KEY (`ID`),
  KEY `LecturerID` (`LecturerID`),
  KEY `CourseID` (`CourseID`),
  CONSTRAINT `teach_ibfk_1` FOREIGN KEY (`LecturerID`) REFERENCES `lecturer` (`LecturerID`),
  CONSTRAINT `teach_ibfk_2` FOREIGN KEY (`CourseID`) REFERENCES `course` (`CourseID`)
) ENGINE=InnoDB AUTO_INCREMENT=6 DEFAULT CHARSET=utf8mb4 COLLATE=utf8mb4_0900_ai_ci;
/*!40101 SET character_set_client = @saved_cs_client */;

--
-- Dumping data for table `teach`
--

LOCK TABLES `teach` WRITE;
/*!40000 ALTER TABLE `teach` DISABLE KEYS */;
INSERT INTO `teach` VALUES (1,1,1),(2,2,2),(3,3,3),(4,4,4),(5,5,5);
/*!40000 ALTER TABLE `teach` ENABLE KEYS */;
UNLOCK TABLES;
/*!40103 SET TIME_ZONE=@OLD_TIME_ZONE */;

/*!40101 SET SQL_MODE=@OLD_SQL_MODE */;
/*!40014 SET FOREIGN_KEY_CHECKS=@OLD_FOREIGN_KEY_CHECKS */;
/*!40014 SET UNIQUE_CHECKS=@OLD_UNIQUE_CHECKS */;
/*!40101 SET CHARACTER_SET_CLIENT=@OLD_CHARACTER_SET_CLIENT */;
/*!40101 SET CHARACTER_SET_RESULTS=@OLD_CHARACTER_SET_RESULTS */;
/*!40101 SET COLLATION_CONNECTION=@OLD_COLLATION_CONNECTION */;
/*!40111 SET SQL_NOTES=@OLD_SQL_NOTES */;

-- Dump completed on 2024-09-21 15:57:09
